{
  "yesno_accuracy": 0.13043478260869565,
  "yesno_f1_yes": 0.0,
  "yesno_f1_no": 0.3,
  "yesno_macro_f1": 0.15,
  "factoid_strict_accuracy": 0.0,
  "factoid_lenient_accuracy": 0.21428571428571427,
  "factoid_mrr": 0.0,
  "list_mean_precision": 0.0,
  "list_mean_recall": 0.0,
  "list_mean_f1": 0.0,
  "ideal_readability": 0.6940051020408164,
  "ideal_rouge1_recall": 0.1780234402543346,
  "ideal_rouge1_precision": 0.1780234402543346,
  "ideal_repetition": 0.2118368062045449,
  "avg_recall@5": 0.22185045564302347,
  "avg_recall@10": 0.3343977914788247,
  "avg_recall@20": 0.3343977914788247,
  "avg_mrr": 0.6298776455026455,
  "avg_precision@5": 0.30833333333333335,
  "avg_precision@10": 0.23750000000000002,
  "avg_precision@20": 0.11875000000000001,
  "avg_f1@5": 0.21516648701571311,
  "avg_f1@10": 0.22615109054667576,
  "avg_f1@20": 0.1481647860617752
}