{
  "yesno_accuracy": 0.13043478260869565,
  "yesno_f1_yes": 0.0,
  "yesno_f1_no": 0.2727272727272727,
  "yesno_macro_f1": 0.13636363636363635,
  "factoid_strict_accuracy": 0.0,
  "factoid_lenient_accuracy": 0.21428571428571427,
  "factoid_mrr": 0.0,
  "list_mean_precision": 0.0,
  "list_mean_recall": 0.0,
  "list_mean_f1": 0.0,
  "ideal_readability": 0.7717261904761905,
  "ideal_rouge1_recall": 0.20040278752357202,
  "ideal_rouge1_precision": 0.20040278752357202,
  "ideal_repetition": 0.2589660747433939,
  "avg_recall@5": 0.17476263798228914,
  "avg_recall@10": 0.2899701457793437,
  "avg_recall@20": 0.2899701457793437,
  "avg_mrr": 0.5210813492063492,
  "avg_precision@5": 0.2555555555555556,
  "avg_precision@10": 0.20833333333333334,
  "avg_precision@20": 0.10416666666666667,
  "avg_f1@5": 0.1686665352941075,
  "avg_f1@10": 0.1948634494648233,
  "avg_f1@20": 0.12823404557115886
}