{
  "yesno_accuracy": 0.13043478260869565,
  "yesno_f1_yes": 0.0,
  "yesno_f1_no": 0.3157894736842105,
  "yesno_macro_f1": 0.15789473684210525,
  "factoid_strict_accuracy": 0.0,
  "factoid_lenient_accuracy": 0.21428571428571427,
  "factoid_mrr": 0.0,
  "list_mean_precision": 0.0,
  "list_mean_recall": 0.0,
  "list_mean_f1": 0.0,
  "ideal_readability": 0.7179166666666668,
  "ideal_rouge1_recall": 0.20121241444911053,
  "ideal_rouge1_precision": 0.20121241444911053,
  "ideal_repetition": 0.24836557564946782,
  "avg_recall@5": 0.6485450588881535,
  "avg_recall@10": 0.8094546399052727,
  "avg_recall@20": 0.9017394008368436,
  "avg_mrr": 0.9037962962962963,
  "avg_precision@5": 0.6972222222222223,
  "avg_precision@10": 0.5402777777777777,
  "avg_precision@20": 0.3548611111111111,
  "avg_f1@5": 0.5649959200461907,
  "avg_f1@10": 0.5512178260755017,
  "avg_f1@20": 0.44007486225264714
}