{
  "summary": {
    "total_questions_feedback": 117,
    "total_questions_submitted": 64,
    "matched_questions": 64,
    "coverage_pct": 54.7008547008547
  },
  "document_retrieval": {
    "overall_precision": 0.0,
    "overall_recall": 0.0,
    "overall_f1": 0.0,
    "overall_mrr": 0.0,
    "yesno_precision": 0.0,
    "yesno_recall": 0.0,
    "yesno_f1": 0.0,
    "yesno_mrr": 0.0,
    "factoid_precision": 0.0,
    "factoid_recall": 0.0,
    "factoid_f1": 0.0,
    "factoid_mrr": 0.0,
    "list_precision": 0.0,
    "list_recall": 0.0,
    "list_f1": 0.0,
    "list_mrr": 0.0,
    "summary_precision": 0.0,
    "summary_recall": 0.0,
    "summary_f1": 0.0,
    "summary_mrr": 0.0
  },
  "snippet_retrieval": {
    "overall_precision": 0.0,
    "overall_recall": 0.0,
    "overall_f1": 0.0,
    "yesno_precision": 0.0,
    "yesno_recall": 0.0,
    "yesno_f1": 0.0,
    "factoid_precision": 0.0,
    "factoid_recall": 0.0,
    "factoid_f1": 0.0,
    "list_precision": 0.0,
    "list_recall": 0.0,
    "list_f1": 0.0,
    "summary_precision": 0.0,
    "summary_recall": 0.0,
    "summary_f1": 0.0
  },
  "answer_quality": {
    "yesno_accuracy": 0.7272727272727273,
    "yesno_n": 11,
    "factoid_precision_at_1": 0.0,
    "factoid_precision": 0.0,
    "factoid_recall": 0.0,
    "factoid_f1": 0.0,
    "factoid_n": 11,
    "list_precision": 0.06666666666666667,
    "list_recall": 0.05,
    "list_f1": 0.05714285714285714,
    "list_n": 15,
    "overall_rouge1_f": 0.137358232006815,
    "overall_rouge2_f": 0.0511288907272417,
    "overall_rougeL_f": 0.09859805401553919,
    "overall_rouge1_p": 0.19962498343687174,
    "overall_rouge2_p": 0.06439605497312917,
    "overall_rougeL_p": 0.14291605055848752,
    "overall_rouge1_r": 0.1378420684380522,
    "overall_rouge2_r": 0.06946844617852631,
    "overall_rougeL_r": 0.11648338986395128,
    "yesno_rouge1_f": 0.19257974863702665,
    "yesno_rouge2_f": 0.07144557824572233,
    "yesno_rougeL_f": 0.14840742791870612,
    "factoid_rouge1_f": 0.1923543445282576,
    "factoid_rouge2_f": 0.09231627708895296,
    "factoid_rougeL_f": 0.12652806131067001,
    "list_rouge1_f": 0.014585786515611078,
    "list_rouge2_f": 0.008888888888888889,
    "list_rougeL_f": 0.014585786515611078,
    "summary_rouge1_f": 0.16924552339957336,
    "summary_rouge2_f": 0.04761436447028064,
    "summary_rougeL_f": 0.11833368987189911
  },
  "error_taxonomy": {
    "doc_zero_precision_questions": 63,
    "doc_zero_recall_questions": 63,
    "doc_high_precision_low_recall": 0,
    "doc_low_precision_high_recall": 0,
    "doc_good_performance": 0,
    "snip_zero_precision_questions": 63,
    "snip_zero_recall_questions": 63,
    "snip_good_performance": 0,
    "yesno_wrong": 3,
    "yesno_wrong_submitted": [
      "no",
      "no",
      "no"
    ],
    "yesno_wrong_golden": [
      "yes",
      "yes",
      "yes"
    ]
  }
}